,Employee_Name,EmpID,GenderID,PerfScoreID,Salary,Termd,PositionID,Position,State,DOB,Sex,MaritalDesc,DateofHire,DateofTermination,TermReason,EmploymentStatus,Department,RecruitmentSource,PerformanceScore,EngagementSurvey,EmpSatisfaction,SpecialProjectsCount,LastPerformanceReview_Date,Absences,Status
0,"Adinolfi, Wilson  K",10026,1,4,62506,0,19,Production Technician I,MA,1983-07-10,M ,Single,2011-07-05,,N/A-StillEmployed,Active,Production,LinkedIn,Exceeds,4.6,5,0,1/17/2019,1,Active
1,"Ait Sidi, Karthikeyan   ",10084,1,3,104437,1,27,Sr. DBA,MA,1975-05-05,M ,Married,2015-03-30,2016-06-16,career change,Voluntarily Terminated,IT/IS,Indeed,Fully Meets,4.96,3,6,2/24/2016,17,Baja
2,"Akinkuolie, Sarah",10196,0,3,64955,1,20,Production Technician II,MA,1988-09-19,F,Married,2011-07-05,2012-09-24,hours,Voluntarily Terminated,Production,LinkedIn,Fully Meets,3.02,3,0,5/15/2012,3,Baja
3,"Alagbe,Trina",10088,0,3,64991,0,19,Production Technician I,MA,1988-09-27,F,Married,2008-01-07,,N/A-StillEmployed,Active,Production,Indeed,Fully Meets,4.84,5,0,1/3/2019,15,Active
4,"Anderson, Carol ",10069,0,3,50825,1,19,Production Technician I,MA,1989-09-08,F,Divorced,2011-07-11,2016-09-06,return to school,Voluntarily Terminated,Production,Google Search,Fully Meets,5.0,4,0,2/1/2016,2,Baja
5,"Anderson, Linda  ",10002,0,4,57568,0,19,Production Technician I,MA,1977-05-22,F,Single,2012-01-09,,N/A-StillEmployed,Active,Production,LinkedIn,Exceeds,5.0,5,0,1/7/2019,15,Active
6,"Andreola, Colby",10194,0,3,95660,0,24,Software Engineer,MA,1979-05-24,F,Single,2014-11-10,,N/A-StillEmployed,Active,Software Engineering,LinkedIn,Fully Meets,3.04,3,4,1/2/2019,19,Active
7,"Athwal, Sam",10062,1,3,59365,0,19,Production Technician I,MA,1983-02-18,M ,Widowed,2013-09-30,,N/A-StillEmployed,Active,Production,Employee Referral,Fully Meets,5.0,4,0,2/25/2019,19,Active
8,"Bachiochi, Linda",10114,0,3,47837,0,19,Production Technician I,MA,2070-02-11,F,Single,2009-07-06,,N/A-StillEmployed,Active,Production,Diversity Job Fair,Fully Meets,4.46,3,0,1/25/2019,4,Active
9,"Bacong, Alejandro ",10250,1,3,50178,0,14,IT Support,MA,1988-01-07,M ,Divorced,2015-01-05,,N/A-StillEmployed,Active,IT/IS,Indeed,Fully Meets,5.0,5,6,2/18/2019,16,Active
10,"Baczenski, Rachael  ",10252,0,3,54670,1,19,Production Technician I,MA,1974-01-12,F,Married,2011-01-10,2017-01-12,Another position,Voluntarily Terminated,Production,Diversity Job Fair,Fully Meets,4.2,4,0,1/30/2016,12,Baja
11,"Barbara, Thomas",10242,1,3,47211,1,19,Production Technician I,MA,1974-02-21,M ,Married,2012-04-02,2016-09-19,unhappy,Voluntarily Terminated,Production,Diversity Job Fair,Fully Meets,4.2,3,0,5/6/2016,15,Baja
12,"Barbossa, Hector",10012,1,4,92328,0,9,Data Analyst,TX,1988-07-04,M ,Divorced,2014-11-10,,N/A-StillEmployed,Active,IT/IS,Diversity Job Fair,Exceeds,4.28,4,5,2/25/2019,9,Active
13,"Barone, Francesco  A",10265,1,3,58709,0,19,Production Technician I,MA,1983-07-20,M ,Single,2012-02-20,,N/A-StillEmployed,Active,Production,Google Search,Fully Meets,4.6,4,0,2/14/2019,7,Active
14,"Barton, Nader",10066,1,3,52505,1,19,Production Technician I,MA,1977-07-15,M ,Divorced,2012-09-24,2017-04-06,Another position,Voluntarily Terminated,Production,On-line Web application,Fully Meets,5.0,5,0,3/2/2017,1,Baja
15,"Bates, Norman",10061,1,3,57834,1,19,Production Technician I,MA,1981-10-18,M ,Single,2011-02-21,2017-08-04,attendance,Terminated for Cause,Production,Google Search,Fully Meets,5.0,4,0,4/5/2017,20,Baja
16,"Beak, Kimberly  ",10023,0,4,70131,0,20,Production Technician II,MA,2066-04-17,F,Married,2016-07-21,,N/A-StillEmployed,Active,Production,Employee Referral,Exceeds,4.4,3,0,1/14/2019,16,Active
17,"Beatrice, Courtney ",10055,0,3,59026,0,19,Production Technician I,MA,2070-10-27,F,Single,2011-04-04,,N/A-StillEmployed,Active,Production,Google Search,Fully Meets,5.0,5,0,1/14/2019,12,Active
18,"Becker, Renee",10245,0,3,110000,1,8,Database Administrator,MA,1986-04-04,F,Single,2014-07-07,2015-09-12,performance,Terminated for Cause,IT/IS,Google Search,Fully Meets,4.5,4,5,1/15/2015,8,Baja
19,"Becker, Scott",10277,1,3,53250,0,19,Production Technician I,MA,1979-04-06,M ,Single,2013-07-08,,N/A-StillEmployed,Active,Production,LinkedIn,Fully Meets,4.2,4,0,1/11/2019,13,Active
20,"Bernstein, Sean",10046,1,3,51044,0,19,Production Technician I,MA,2070-12-22,M ,Single,2012-04-02,,N/A-StillEmployed,Active,Production,Google Search,Fully Meets,5.0,3,0,1/14/2019,13,Active
21,"Biden, Lowan  M",10226,0,3,64919,0,19,Production Technician I,MA,2058-12-27,F,Divorced,2013-08-19,,N/A-StillEmployed,Active,Production,Indeed,Fully Meets,4.2,3,0,1/10/2019,2,Active
22,"Billis, Helen",10003,0,4,62910,0,19,Production Technician I,MA,1989-09-01,F,Married,2014-07-07,,N/A-StillEmployed,Active,Production,Indeed,Exceeds,5.0,3,0,2/27/2019,19,Active
23,"Blount, Dianna",10294,0,2,66441,0,20,Production Technician II,MA,1990-09-21,F,Single,2011-04-04,,N/A-StillEmployed,Active,Production,CareerBuilder,Needs Improvement,2.0,3,0,2/27/2019,3,Active
24,"Bondwell, Betsy",10267,0,3,57815,1,20,Production Technician II,MA,2067-01-16,F,Single,2011-01-10,2014-04-04,career change,Voluntarily Terminated,Production,Google Search,Fully Meets,4.8,5,0,3/4/2014,5,Baja
25,"Booth, Frank",10199,1,3,103613,1,30,Enterprise Architect,CT,2064-07-30,M ,Single,2014-02-17,2016-02-19,Learned that he is a gangster,Terminated for Cause,IT/IS,LinkedIn,Fully Meets,3.5,5,7,1/10/2016,2,Baja
26,"Boutwell, Bonalyn",10081,0,3,106367,0,26,Sr. Accountant,MA,1987-04-04,F,Married,2015-02-16,,N/A-StillEmployed,Active,Admin Offices,Diversity Job Fair,Fully Meets,5.0,4,3,2/18/2019,4,Active
27,"Bozzi, Charles",10175,1,3,74312,1,18,Production Manager,MA,2070-03-10,M ,Single,2013-09-30,2014-08-07,retiring,Voluntarily Terminated,Production,Indeed,Fully Meets,3.39,3,0,2/20/2014,14,Baja
28,"Brill, Donna",10177,0,3,53492,1,19,Production Technician I,MA,1990-08-24,F,Married,2012-04-02,2013-06-15,Another position,Voluntarily Terminated,Production,Google Search,Fully Meets,3.35,4,0,3/4/2013,6,Baja
29,"Brown, Mia",10238,0,3,63000,0,1,Accountant I,MA,1987-11-24,F,Married,2008-10-27,,N/A-StillEmployed,Active,Admin Offices,Diversity Job Fair,Fully Meets,4.5,2,6,1/15/2019,14,Active
30,"Buccheri, Joseph  ",10184,1,3,65288,0,20,Production Technician II,MA,1983-07-28,M ,Single,2014-09-29,,N/A-StillEmployed,Active,Production,Google Search,Fully Meets,3.19,3,0,2/1/2019,9,Active
31,"Bugali, Josephine ",10203,0,3,64375,0,19,Production Technician I,MA,2069-10-30,F,Separated,2013-11-11,,N/A-StillEmployed,Active,Production,Diversity Job Fair,Fully Meets,3.5,5,0,1/21/2019,17,Active
32,"Bunbury, Jessica",10188,0,3,74326,1,3,Area Sales Manager,VA,2064-06-01,F,Married,2011-08-15,2014-08-02,Another position,Voluntarily Terminated,Sales,Google Search,Fully Meets,3.14,5,0,2/10/2013,19,Baja
33,"Burke, Joelle",10107,0,3,63763,0,20,Production Technician II,MA,1980-03-02,F,Single,2012-03-05,,N/A-StillEmployed,Active,Production,Employee Referral,Fully Meets,4.51,4,0,2/21/2019,3,Active
34,"Burkett, Benjamin ",10181,1,3,62162,0,20,Production Technician II,MA,1977-08-19,M ,Married,2011-04-04,,N/A-StillEmployed,Active,Production,Indeed,Fully Meets,3.25,5,0,1/14/2019,15,Active
35,"Cady, Max ",10150,1,3,77692,0,25,Software Engineering Manager,MA,2066-11-22,M ,Single,2011-08-15,,N/A-StillEmployed,Active,Software Engineering,Google Search,Fully Meets,3.84,3,5,1/21/2019,4,Active
36,"Candie, Calvin",10001,1,4,72640,0,18,Production Manager,MA,1983-08-09,M ,Single,2016-01-28,,N/A-StillEmployed,Active,Production,Indeed,Exceeds,5.0,3,0,2/22/2019,14,Active
37,"Carabbio, Judith",10085,0,3,93396,0,24,Software Engineer,MA,1987-04-05,F,Single,2013-11-11,,N/A-StillEmployed,Active,Software Engineering,Indeed,Fully Meets,4.96,4,6,1/30/2019,3,Active
38,"Carey, Michael  ",10115,1,3,52846,0,19,Production Technician I,MA,1983-02-02,M ,Single,2014-03-31,,N/A-StillEmployed,Active,Production,LinkedIn,Fully Meets,4.43,3,0,2/1/2019,14,Active
39,"Carr, Claudia  N",10082,0,3,100031,0,27,Sr. DBA,MA,1986-06-06,F,Single,2016-06-30,,N/A-StillEmployed,Active,IT/IS,LinkedIn,Fully Meets,5.0,5,6,2/18/2019,7,Active
40,"Carter, Michelle ",10040,0,3,71860,0,3,Area Sales Manager,VT,2063-05-15,F,Single,2014-08-18,,N/A-StillEmployed,Active,Sales,Indeed,Fully Meets,5.0,5,0,1/21/2019,7,Active
41,"Chace, Beatrice ",10067,0,3,61656,0,19,Production Technician I,MA,2051-01-02,F,Single,2014-09-29,,N/A-StillEmployed,Active,Production,Google Search,Fully Meets,5.0,4,0,2/12/2019,11,Active
42,"Champaigne, Brian",10108,1,3,110929,0,5,BI Director,MA,1972-02-09,M ,Married,2016-09-06,,N/A-StillEmployed,Active,IT/IS,Indeed,Fully Meets,4.5,5,7,1/15/2019,8,Active
43,"Chan, Lin",10210,0,3,54237,0,19,Production Technician I,MA,1979-02-12,F,Single,2014-05-12,,N/A-StillEmployed,Active,Production,Indeed,Fully Meets,3.3,4,0,2/19/2019,11,Active
44,"Chang, Donovan  E",10154,1,3,60380,0,19,Production Technician I,MA,1983-08-24,M ,Single,2013-07-08,,N/A-StillEmployed,Active,Production,LinkedIn,Fully Meets,3.8,5,0,1/14/2019,4,Active
45,"Chigurh, Anton",10200,1,3,66808,0,3,Area Sales Manager,TX,2070-06-11,M ,Single,2012-05-14,,N/A-StillEmployed,Active,Sales,Employee Referral,Fully Meets,3.0,5,0,1/19/2019,17,Active
46,"Chivukula, Enola",10240,0,3,64786,1,19,Production Technician I,MA,1983-08-27,F,Single,2011-06-27,2015-11-15,relocation out of area,Voluntarily Terminated,Production,Indeed,Fully Meets,4.3,4,0,3/10/2015,3,Baja
47,"Cierpiszewski, Caroline  ",10168,0,3,64816,0,19,Production Technician I,MA,1988-05-31,F,Single,2011-10-03,,N/A-StillEmployed,Active,Production,Indeed,Fully Meets,3.58,5,0,1/30/2019,3,Active
48,"Clayton, Rick",10220,1,3,68678,0,14,IT Support,MA,1985-09-05,M ,Single,2012-09-05,,N/A-StillEmployed,Active,IT/IS,Indeed,Fully Meets,4.7,3,6,2/27/2019,2,Active
49,"Cloninger, Jennifer",10275,0,3,64066,1,20,Production Technician II,MA,1981-08-31,F,Married,2011-05-16,2013-01-07,unhappy,Voluntarily Terminated,Production,Google Search,Fully Meets,4.2,5,0,5/3/2012,9,Baja
50,"Close, Phil",10269,1,3,59369,1,20,Production Technician II,MA,1978-11-25,M ,Married,2010-08-30,2011-09-26,career change,Voluntarily Terminated,Production,Indeed,Fully Meets,4.2,4,0,5/4/2011,6,Baja
51,"Clukey, Elijian",10029,1,4,50373,0,19,Production Technician I,MA,1980-08-26,M ,Married,2016-07-06,,N/A-StillEmployed,Active,Production,Employee Referral,Exceeds,4.1,4,0,2/28/2019,5,Active
52,"Cockel, James",10261,1,3,63108,0,19,Production Technician I,MA,1977-09-08,M ,Single,2013-07-08,,N/A-StillEmployed,Active,Production,Employee Referral,Fully Meets,4.4,5,0,1/14/2019,3,Active
53,"Cole, Spencer",10292,1,2,59144,1,19,Production Technician I,MA,1979-08-12,M ,Single,2011-07-11,2016-09-23,performance,Terminated for Cause,Production,LinkedIn,Needs Improvement,2.0,3,0,5/1/2016,16,Baja
54,"Corleone, Michael",10282,1,2,68051,0,18,Production Manager,MA,1975-12-17,M ,Divorced,2010-07-20,,N/A-StillEmployed,Active,Production,CareerBuilder,Needs Improvement,4.13,2,0,1/14/2019,3,Active
55,"Corleone, Vito",10019,1,4,170500,0,10,Director of Operations,MA,1983-03-19,M ,Single,2009-01-05,,N/A-StillEmployed,Active,Production,Indeed,Exceeds,3.7,5,0,2/4/2019,15,Active
56,"Cornett, Lisa ",10094,0,3,63381,0,19,Production Technician I,MA,1977-03-31,F,Married,2015-01-05,,N/A-StillEmployed,Active,Production,Indeed,Fully Meets,4.73,5,0,2/14/2019,6,Active
57,"Costello, Frank",10193,1,3,83552,0,9,Data Analyst,MA,1986-08-26,M ,Married,2015-03-30,,N/A-StillEmployed,Active,IT/IS,Indeed,Fully Meets,3.04,3,6,1/22/2019,2,Active
58,"Crimmings,   Jean",10132,0,3,56149,0,19,Production Technician I,MA,1987-04-10,F,Single,2016-07-06,,N/A-StillEmployed,Active,Production,LinkedIn,Fully Meets,4.12,5,0,1/28/2019,15,Active
59,"Cross, Noah",10083,1,3,92329,0,28,Sr. Network Engineer,CT,2065-09-09,M ,Single,2014-11-10,,N/A-StillEmployed,Active,IT/IS,Employee Referral,Fully Meets,5.0,3,4,1/2/2019,5,Active
60,"Daneault, Lynn",10099,0,3,65729,0,21,Sales Manager,VT,1990-04-19,F,Single,2014-05-05,,N/A-StillEmployed,Active,Sales,Indeed,Fully Meets,4.62,4,0,1/24/2019,8,Active
61,"Daniele, Ann  ",10212,0,3,85028,0,28,Sr. Network Engineer,CT,2052-01-18,F,Married,2014-11-10,,N/A-StillEmployed,Active,IT/IS,LinkedIn,Fully Meets,3.1,5,8,2/12/2019,19,Active
62,"Darson, Jene'ya ",10056,0,3,57583,0,19,Production Technician I,MA,1978-11-05,F,Married,2012-07-02,,N/A-StillEmployed,Active,Production,Indeed,Fully Meets,5.0,3,0,2/25/2019,1,Active
63,"Davis, Daniel",10143,1,3,56294,0,20,Production Technician II,MA,1979-09-14,M ,Single,2011-11-07,,N/A-StillEmployed,Active,Production,LinkedIn,Fully Meets,3.96,4,0,2/27/2019,6,Active
64,"Dee, Randy",10311,1,1,56991,0,19,Production Technician I,MA,1988-04-15,M ,Married,2018-07-09,,N/A-StillEmployed,Active,Production,Indeed,Fully Meets,4.3,4,3,1/31/2019,2,Active
65,"DeGweck,  James",10070,1,3,55722,1,19,Production Technician I,MA,1977-10-31,M ,Married,2011-05-16,2016-06-08,unhappy,Voluntarily Terminated,Production,Indeed,Fully Meets,5.0,4,0,4/2/2016,14,Baja
66,"Del Bosque, Keyla",10155,0,3,101199,0,24,Software Engineer,MA,1979-07-05,F,Single,2012-01-09,,N/A-StillEmployed,Active,Software Engineering,CareerBuilder,Fully Meets,3.79,5,5,1/25/2019,8,Active
67,"Delarge, Alex",10306,1,1,61568,0,3,Area Sales Manager,AL,1975-11-02,M ,Single,2014-09-29,,N/A-StillEmployed,Active,Sales,Indeed,PIP,1.93,3,0,1/30/2019,5,Active
68,"Demita, Carla",10100,0,3,58275,1,20,Production Technician II,MA,2051-02-25,F,Separated,2011-04-04,2015-11-04,more money,Voluntarily Terminated,Production,Google Search,Fully Meets,4.62,5,0,5/6/2015,1,Baja
69,"Desimone, Carl ",10310,1,1,53189,0,19,Production Technician I,MA,2067-04-19,M ,Married,2014-07-07,,N/A-StillEmployed,Active,Production,Indeed,PIP,1.12,2,0,1/31/2019,9,Active
70,"DeVito, Tommy",10197,1,3,96820,0,4,BI Developer,MA,1983-09-04,M ,Single,2017-02-15,,N/A-StillEmployed,Active,IT/IS,Indeed,Fully Meets,3.01,5,7,1/23/2019,15,Active
71,"Dickinson, Geoff ",10276,1,3,51259,0,19,Production Technician I,MA,1982-11-15,M ,Single,2014-05-12,,N/A-StillEmployed,Active,Production,Indeed,Fully Meets,4.3,4,0,2/19/2019,1,Active
72,"Dietrich, Jenna  ",10304,0,1,59231,0,3,Area Sales Manager,WA,1987-05-14,F,Single,2012-02-20,,N/A-StillEmployed,Active,Sales,Website,PIP,2.3,1,0,1/29/2019,17,Active
73,"DiNocco, Lily ",10284,0,2,61584,0,19,Production Technician I,MA,1978-12-02,F,Married,2013-01-07,,N/A-StillEmployed,Active,Production,Indeed,Needs Improvement,3.88,4,0,1/18/2019,6,Active
74,"Dobrin, Denisa  S",10207,0,3,46335,0,19,Production Technician I,MA,1986-10-07,F,Single,2012-04-02,,N/A-StillEmployed,Active,Production,CareerBuilder,Fully Meets,3.4,5,0,2/19/2019,15,Active
75,"Dolan, Linda",10133,0,3,70621,0,14,IT Support,MA,1988-07-18,F,Married,2015-01-05,,N/A-StillEmployed,Active,IT/IS,Employee Referral,Fully Meets,4.11,4,6,2/25/2019,16,Active
76,"Dougall, Eric",10028,1,4,138888,0,13,IT Manager - Support,MA,2070-07-09,M ,Single,2014-01-05,,N/A-StillEmployed,Active,IT/IS,Indeed,Exceeds,4.3,5,5,1/4/2019,4,Active
77,"Driver, Elle",10006,0,4,74241,0,3,Area Sales Manager,CA,1988-11-08,F,Single,2011-01-10,,N/A-StillEmployed,Active,Sales,Indeed,Exceeds,4.77,5,0,1/27/2019,14,Active
78,"Dunn, Amy  ",10105,0,3,75188,0,18,Production Manager,MA,1973-11-28,F,Single,2014-09-18,,N/A-StillEmployed,Active,Production,Google Search,Fully Meets,4.52,4,0,1/15/2019,4,Active
79,"Dunne, Amy",10211,0,3,62514,0,19,Production Technician I,MA,1973-09-23,F,Married,2010-04-26,,N/A-StillEmployed,Active,Production,Google Search,Fully Meets,2.9,3,0,1/21/2019,6,Active
80,"Eaton, Marianne",10064,0,3,60070,1,19,Production Technician I,MA,1991-09-05,F,Married,2011-04-04,2017-06-06,military,Voluntarily Terminated,Production,Google Search,Fully Meets,5.0,3,0,4/9/2017,7,Baja
81,"Engdahl, Jean",10247,1,3,48888,0,19,Production Technician I,MA,1974-05-31,M ,Single,2014-11-10,,N/A-StillEmployed,Active,Production,LinkedIn,Fully Meets,4.7,5,0,2/13/2019,8,Active
82,"England, Rex",10235,1,3,54285,0,19,Production Technician I,MA,1978-08-25,M ,Married,2014-03-31,,N/A-StillEmployed,Active,Production,Employee Referral,Fully Meets,4.2,3,0,1/11/2019,3,Active
83,"Erilus, Angela",10299,0,1,56847,0,20,Production Technician II,MA,1989-08-25,F,Separated,2014-07-07,,N/A-StillEmployed,Active,Production,Indeed,PIP,3.0,1,0,2/25/2019,5,Active
84,"Estremera, Miguel",10280,1,2,60340,1,19,Production Technician I,MA,1983-09-02,M ,Single,2012-04-02,2018-09-27,attendance,Terminated for Cause,Production,Google Search,Needs Improvement,5.0,4,0,4/12/2018,16,Baja
85,"Evensen, April",10296,0,2,59124,1,19,Production Technician I,MA,1989-05-06,F,Single,2014-02-17,2018-02-25,"no-call, no-show",Terminated for Cause,Production,Google Search,Needs Improvement,2.3,3,0,1/15/2017,19,Baja
86,"Exantus, Susan",10290,0,2,99280,1,24,Software Engineer,MA,1987-05-15,F,Married,2011-05-02,2013-06-05,attendance,Terminated for Cause,Software Engineering,Indeed,Needs Improvement,2.1,5,4,8/10/2012,19,Baja
87,"Faller, Megan ",10263,0,3,71776,0,20,Production Technician II,MA,1978-09-22,F,Married,2014-07-07,,N/A-StillEmployed,Active,Production,LinkedIn,Fully Meets,4.4,5,0,2/22/2019,17,Active
88,"Fancett, Nicole",10136,0,3,65902,0,20,Production Technician II,MA,1987-09-27,F,Single,2014-02-17,,N/A-StillEmployed,Active,Production,LinkedIn,Fully Meets,4.0,4,0,1/7/2019,7,Active
89,"Ferguson, Susan",10189,0,3,57748,1,19,Production Technician I,MA,2055-04-14,F,Married,2011-11-07,2016-05-17,military,Voluntarily Terminated,Production,Google Search,Fully Meets,3.13,3,0,2/4/2016,16,Baja
90,"Fernandes, Nilson  ",10308,1,1,64057,0,19,Production Technician I,MA,1989-10-18,M ,Married,2015-05-11,,N/A-StillEmployed,Active,Production,Indeed,PIP,1.56,5,0,1/3/2019,15,Active
91,"Fett, Boba",10309,1,1,53366,0,15,Network Engineer,MA,1987-06-18,M ,Single,2015-03-30,,N/A-StillEmployed,Active,IT/IS,LinkedIn,PIP,1.2,3,6,2/4/2019,2,Active
92,"Fidelia,  Libby",10049,0,3,58530,0,19,Production Technician I,MA,1981-03-16,F,Married,2012-01-09,,N/A-StillEmployed,Active,Production,Google Search,Fully Meets,5.0,5,0,1/29/2019,19,Active
93,"Fitzpatrick, Michael  J",10093,1,3,72609,1,20,Production Technician II,MA,1981-10-01,M ,Single,2011-05-16,2013-06-24,hours,Voluntarily Terminated,Production,Google Search,Fully Meets,4.76,5,0,4/5/2013,20,Baja
94,"Foreman, Tanya",10163,0,3,55965,1,20,Production Technician II,MA,1983-11-08,F,Married,2011-04-04,2013-01-09,career change,Voluntarily Terminated,Production,Google Search,Fully Meets,3.66,3,0,1/7/2012,6,Baja
95,"Forrest, Alex",10305,1,3,70187,1,3,Area Sales Manager,MA,1975-07-07,M ,Married,2014-09-29,2018-08-19,Fatal attraction,Terminated for Cause,Sales,Employee Referral,PIP,2.0,5,0,1/28/2019,7,Baja
96,"Foss, Jason",10015,1,4,178000,0,12,IT Director,MA,1980-07-05,M ,Single,2011-04-15,,N/A-StillEmployed,Active,IT/IS,Indeed,Exceeds,5.0,5,5,1/7/2019,15,Active
97,"Foster-Baker, Amy",10080,0,3,99351,0,26,Sr. Accountant,MA,1979-04-16,F,Married,2009-01-05,,N/A-StillEmployed,Active,Admin Offices,Other,Fully Meets,5.0,3,2,2/8/2019,3,Active
98,"Fraval, Maruk ",10258,1,3,67251,0,3,Area Sales Manager,CT,2063-08-28,M ,Single,2011-09-06,,N/A-StillEmployed,Active,Sales,CareerBuilder,Fully Meets,4.3,3,0,1/27/2019,7,Active
99,"Galia, Lisa",10273,0,3,65707,0,14,IT Support,CT,2068-07-06,F,Single,2010-05-01,,N/A-StillEmployed,Active,IT/IS,LinkedIn,Fully Meets,4.7,4,5,2/1/2019,1,Active
100,"Garcia, Raul",10111,1,3,52249,0,19,Production Technician I,MA,1985-09-15,M ,Single,2015-03-30,,N/A-StillEmployed,Active,Production,Employee Referral,Fully Meets,4.5,3,0,2/18/2019,5,Active
101,"Gaul, Barbara",10257,0,3,53171,0,19,Production Technician I,MA,1983-12-02,F,Single,2011-05-16,,N/A-StillEmployed,Active,Production,LinkedIn,Fully Meets,4.2,4,0,2/26/2019,12,Active
102,"Gentry, Mildred",10159,0,3,51337,0,19,Production Technician I,MA,1990-10-01,F,Married,2015-03-30,,N/A-StillEmployed,Active,Production,LinkedIn,Fully Meets,3.73,3,0,1/16/2019,19,Active
103,"Gerke, Melisa",10122,0,3,51505,1,19,Production Technician I,MA,2070-05-15,F,Divorced,2011-11-07,2016-11-15,hours,Voluntarily Terminated,Production,Diversity Job Fair,Fully Meets,4.24,4,0,4/29/2016,2,Baja
104,"Gill, Whitney  ",10142,0,3,59370,1,3,Area Sales Manager,OH,1971-07-10,F,Widowed,2014-07-07,2015-09-05,attendance,Terminated for Cause,Sales,CareerBuilder,Fully Meets,3.97,4,0,1/15/2014,7,Baja
105,"Gilles, Alex",10283,1,2,54933,1,19,Production Technician I,MA,1974-08-09,M ,Married,2012-04-02,2015-06-25,military,Voluntarily Terminated,Production,Diversity Job Fair,Needs Improvement,3.97,4,0,1/20/2015,15,Baja
106,"Girifalco, Evelyn",10018,0,4,57815,0,19,Production Technician I,MA,1980-05-08,F,Single,2014-09-29,,N/A-StillEmployed,Active,Production,Indeed,Exceeds,3.9,4,0,2/7/2019,3,Active
107,"Givens, Myriam",10255,0,3,61555,0,3,Area Sales Manager,IN,1989-09-22,F,Single,2015-02-16,,N/A-StillEmployed,Active,Sales,Indeed,Fully Meets,4.5,5,0,1/25/2019,20,Active
108,"Goble, Taisha",10246,0,3,114800,1,8,Database Administrator,MA,1971-10-23,F,Single,2015-02-16,2015-03-15,"no-call, no-show",Terminated for Cause,IT/IS,Indeed,Fully Meets,4.6,4,4,1/20/2015,10,Baja
109,"Goeth, Amon",10228,1,3,74679,0,14,IT Support,MA,1989-11-24,M ,Married,2015-03-30,,N/A-StillEmployed,Active,IT/IS,LinkedIn,Fully Meets,4.3,5,7,1/10/2019,20,Active
110,"Gold, Shenice  ",10243,0,3,53018,0,19,Production Technician I,MA,1992-06-18,F,Single,2013-11-11,,N/A-StillEmployed,Active,Production,Indeed,Fully Meets,4.3,5,0,2/18/2019,7,Active
111,"Gonzalez, Cayo",10031,1,4,59892,0,19,Production Technician I,MA,2069-09-29,M ,Divorced,2011-07-11,,N/A-StillEmployed,Active,Production,Diversity Job Fair,Exceeds,4.5,4,0,2/18/2019,1,Active
112,"Gonzalez, Juan",10300,1,1,68898,1,20,Production Technician II,MA,2064-10-12,M ,Married,2010-04-26,2011-05-30,career change,Voluntarily Terminated,Production,Diversity Job Fair,PIP,3.0,3,0,3/6/2011,10,Baja
113,"Gonzalez, Maria",10101,0,3,61242,0,14,IT Support,MA,1981-04-16,F,Separated,2015-01-05,,N/A-StillEmployed,Active,IT/IS,Employee Referral,Fully Meets,4.61,4,5,1/28/2019,11,Active
114,"Good, Susan",10237,0,3,66825,0,20,Production Technician II,MA,1986-05-25,F,Married,2014-05-12,,N/A-StillEmployed,Active,Production,LinkedIn,Fully Meets,4.6,3,0,2/7/2019,20,Active
115,"Gordon, David",10051,1,3,48285,0,19,Production Technician I,MA,1979-05-21,M ,Married,2012-07-02,,N/A-StillEmployed,Active,Production,LinkedIn,Fully Meets,5.0,3,0,1/14/2019,2,Active
116,"Gosciminski, Phylicia  ",10218,0,3,66149,0,20,Production Technician II,MA,1983-12-08,F,Separated,2013-09-30,,N/A-StillEmployed,Active,Production,Google Search,Fully Meets,4.4,5,0,2/21/2019,1,Active
117,"Goyal, Roxana",10256,0,3,49256,0,19,Production Technician I,MA,1974-10-09,F,Married,2013-08-19,,N/A-StillEmployed,Active,Production,LinkedIn,Fully Meets,4.1,5,0,2/15/2019,3,Active
118,"Gray, Elijiah  ",10098,1,3,62957,0,18,Production Manager,MA,1981-07-11,M ,Divorced,2015-06-02,,N/A-StillEmployed,Active,Production,Employee Referral,Fully Meets,4.63,3,0,1/4/2019,2,Active
119,"Gross, Paula",10059,0,3,63813,1,19,Production Technician I,MA,1983-05-21,F,Divorced,2011-02-21,2014-01-11,more money,Voluntarily Terminated,Production,CareerBuilder,Fully Meets,5.0,5,0,6/3/2013,17,Baja
120,"Gruber, Hans",10234,1,3,99020,0,4,BI Developer,MA,1989-06-30,M ,Married,2017-04-20,,N/A-StillEmployed,Active,IT/IS,Indeed,Fully Meets,4.2,5,5,1/28/2019,8,Active
121,"Guilianno, Mike",10109,1,3,71707,1,3,Area Sales Manager,TN,2069-02-09,M ,Single,2012-03-07,2014-10-31,relocation out of area,Voluntarily Terminated,Sales,LinkedIn,Fully Meets,4.5,5,0,2/1/2013,20,Baja
122,"Handschiegl, Joanne",10125,0,3,54828,0,19,Production Technician I,MA,1977-03-23,F,Married,2011-11-28,,N/A-StillEmployed,Active,Production,Google Search,Fully Meets,4.2,4,0,2/22/2019,13,Active
123,"Hankard, Earnest",10074,1,3,64246,0,20,Production Technician II,MA,1988-08-10,M ,Single,2013-11-11,,N/A-StillEmployed,Active,Production,LinkedIn,Fully Meets,5.0,3,0,1/8/2019,20,Active
124,"Harrington, Christie ",10097,0,3,52177,1,19,Production Technician I,MA,2052-08-18,F,Single,2012-01-09,2015-12-15,retiring,Voluntarily Terminated,Production,CareerBuilder,Fully Meets,4.64,4,0,5/2/2015,8,Baja
125,"Harrison, Kara",10007,0,4,62065,0,19,Production Technician I,MA,1974-05-02,F,Married,2014-05-12,,N/A-StillEmployed,Active,Production,CareerBuilder,Exceeds,4.76,4,0,2/15/2019,5,Active
126,"Heitzman, Anthony",10129,1,3,46998,0,19,Production Technician I,MA,1984-01-04,M ,Single,2012-08-13,,N/A-StillEmployed,Active,Production,Google Search,Fully Meets,4.17,4,0,2/11/2019,1,Active
127,"Hendrickson, Trina",10075,0,3,68099,1,20,Production Technician II,MA,1972-08-27,F,Single,2011-01-10,2013-06-18,hours,Voluntarily Terminated,Production,CareerBuilder,Fully Meets,5.0,3,0,1/30/2013,15,Baja
128,"Hitchcock, Alfred",10167,1,3,70545,0,3,Area Sales Manager,NH,1988-09-14,M ,Married,2014-08-18,,N/A-StillEmployed,Active,Sales,Indeed,Fully Meets,3.6,5,0,1/30/2019,9,Active
129,"Homberger, Adrienne  J",10195,0,3,63478,1,20,Production Technician II,MA,1984-02-16,F,Married,2011-08-15,2012-04-07,relocation out of area,Voluntarily Terminated,Production,Indeed,Fully Meets,3.03,5,0,3/5/2012,16,Baja
130,"Horton, Jayne",10112,0,3,97999,0,8,Database Administrator,MA,1984-02-21,F,Single,2015-03-30,,N/A-StillEmployed,Active,IT/IS,Indeed,Fully Meets,4.48,5,6,1/3/2019,4,Active
131,"Houlihan, Debra",10272,0,3,180000,0,11,Director of Sales,RI,2066-03-17,F,Married,2014-05-05,,N/A-StillEmployed,Active,Sales,LinkedIn,Fully Meets,4.5,4,0,1/21/2019,19,Active
132,"Howard, Estelle",10182,0,3,49920,1,2,Administrative Assistant,MA,1985-09-16,F,Married,2015-02-16,2015-04-15,"no-call, no-show",Terminated for Cause,Admin Offices,Indeed,Fully Meets,3.24,3,4,4/15/2015,6,Baja
133,"Hudson, Jane",10248,0,3,55425,0,19,Production Technician I,MA,1986-06-10,F,Single,2012-02-20,,N/A-StillEmployed,Active,Production,LinkedIn,Fully Meets,4.8,4,0,1/7/2019,4,Active
134,"Hunts, Julissa",10201,0,3,69340,0,20,Production Technician II,MA,1984-03-11,F,Single,2016-06-06,,N/A-StillEmployed,Active,Production,LinkedIn,Fully Meets,3.0,5,0,1/18/2019,4,Active
135,"Hutter, Rosalie",10214,0,3,64995,0,20,Production Technician II,MA,1992-05-07,F,Separated,2015-06-05,,N/A-StillEmployed,Active,Production,Indeed,Fully Meets,4.5,3,0,2/14/2019,6,Active
136,"Huynh, Ming",10160,0,3,68182,1,20,Production Technician II,MA,1976-09-22,F,Divorced,2011-02-21,2013-04-01,unhappy,Voluntarily Terminated,Production,Google Search,Fully Meets,3.72,3,0,2/1/2013,18,Baja
137,"Immediato, Walter",10289,1,2,83082,1,18,Production Manager,MA,1976-11-15,M ,Married,2011-02-21,2012-09-24,unhappy,Voluntarily Terminated,Production,Indeed,Needs Improvement,2.34,2,0,4/12/2012,4,Baja
138,"Ivey, Rose ",10139,0,3,51908,0,19,Production Technician I,MA,1991-01-28,F,Single,2013-08-19,,N/A-StillEmployed,Active,Production,Indeed,Fully Meets,3.99,3,0,1/14/2019,14,Active
139,"Jackson, Maryellen",10227,0,3,61242,0,19,Production Technician I,MA,1972-09-11,F,Single,2012-11-05,,N/A-StillEmployed,Active,Production,LinkedIn,Fully Meets,4.1,3,0,1/17/2019,7,Active
140,"Jacobi, Hannah  ",10236,0,3,45069,0,19,Production Technician I,MA,2066-03-22,F,Divorced,2013-09-30,,N/A-StillEmployed,Active,Production,Employee Referral,Fully Meets,4.3,5,0,2/22/2019,7,Active
141,"Jeannite, Tayana",10009,0,4,60724,0,20,Production Technician II,MA,1986-11-06,F,Divorced,2011-07-05,,N/A-StillEmployed,Active,Production,LinkedIn,Exceeds,4.6,4,0,2/25/2019,11,Active
142,"Jhaveri, Sneha  ",10060,0,3,60436,0,19,Production Technician I,MA,2064-04-13,F,Separated,2014-01-06,,N/A-StillEmployed,Active,Production,LinkedIn,Fully Meets,5.0,5,0,1/21/2019,9,Active
143,"Johnson, George",10034,1,4,46837,1,19,Production Technician I,MA,2059-08-19,M ,Married,2011-11-07,2018-04-29,more money,Voluntarily Terminated,Production,CareerBuilder,Exceeds,4.7,4,0,2/14/2018,9,Baja
144,"Johnson, Noelle ",10156,0,3,105700,0,8,Database Administrator,MA,1986-11-07,F,Married,2015-01-05,,N/A-StillEmployed,Active,IT/IS,Indeed,Fully Meets,3.75,3,5,2/11/2019,2,Active
145,"Johnston, Yen",10036,0,4,63322,0,20,Production Technician II,MA,2069-09-08,F,Single,2014-07-07,,N/A-StillEmployed,Active,Production,LinkedIn,Exceeds,4.3,3,0,1/11/2019,1,Active
146,"Jung, Judy  ",10138,0,3,61154,1,19,Production Technician I,MA,1986-04-17,F,Married,2011-01-10,2016-04-01,unhappy,Voluntarily Terminated,Production,CareerBuilder,Fully Meets,4.0,4,0,2/3/2016,4,Baja
147,"Kampew, Donysha",10244,0,3,68999,1,21,Sales Manager,PA,1989-11-11,F,Single,2011-11-07,2014-04-24,maternity leave - did not return,Voluntarily Terminated,Sales,Google Search,Fully Meets,4.5,5,0,3/30/2013,2,Baja
148,"Keatts, Kramer ",10192,1,3,50482,0,19,Production Technician I,MA,1976-01-19,M ,Single,2013-09-30,,N/A-StillEmployed,Active,Production,Indeed,Fully Meets,3.07,4,0,1/23/2019,10,Active
149,"Khemmich, Bartholemew",10231,1,3,65310,0,3,Area Sales Manager,CO,1979-11-27,M ,Single,2013-08-19,,N/A-StillEmployed,Active,Sales,Indeed,Fully Meets,4.3,5,0,1/22/2019,13,Active
150,"King, Janet",10089,0,3,250000,0,16,President & CEO,MA,2054-09-21,F,Married,2012-07-02,,N/A-StillEmployed,Active,Executive Office,Indeed,Fully Meets,4.83,3,0,1/17/2019,10,Active
151,"Kinsella, Kathleen  ",10166,0,3,54005,1,19,Production Technician I,MA,1973-12-08,F,Married,2011-09-26,2015-06-04,more money,Voluntarily Terminated,Production,Google Search,Fully Meets,3.6,5,0,3/1/2015,16,Baja
152,"Kirill, Alexandra  ",10170,0,3,45433,1,19,Production Technician I,MA,2070-10-08,F,Married,2011-09-26,2014-01-09,more money,Voluntarily Terminated,Production,Google Search,Fully Meets,3.49,4,0,1/30/2013,6,Baja
153,"Knapp, Bradley  J",10208,1,3,46654,0,19,Production Technician I,MA,1977-11-10,M ,Single,2014-02-17,,N/A-StillEmployed,Active,Production,LinkedIn,Fully Meets,3.1,3,0,2/6/2019,3,Active
154,"Kretschmer, John",10176,1,3,63973,0,19,Production Technician I,MA,1980-02-02,M ,Married,2011-01-10,,N/A-StillEmployed,Active,Production,Indeed,Fully Meets,3.38,3,0,1/21/2019,17,Active
155,"Kreuger, Freddy",10165,1,3,71339,0,3,Area Sales Manager,NY,2069-02-24,M ,Single,2011-03-07,,N/A-StillEmployed,Active,Sales,Diversity Job Fair,Fully Meets,3.65,5,0,1/17/2019,20,Active
156,"Lajiri,  Jyoti",10113,1,3,93206,0,28,Sr. Network Engineer,MA,1986-04-23,M ,Married,2014-11-10,,N/A-StillEmployed,Active,IT/IS,Employee Referral,Fully Meets,4.46,5,6,1/7/2019,7,Active
157,"Landa, Hans",10092,1,3,82758,1,18,Production Manager,MA,1972-07-01,M ,Married,2011-01-10,2015-12-12,attendance,Terminated for Cause,Production,Employee Referral,Fully Meets,4.78,4,0,2/15/2015,9,Baja
158,"Langford, Lindsey",10106,0,3,66074,1,20,Production Technician II,MA,1979-07-25,F,Divorced,2013-01-07,2014-03-31,Another position,Voluntarily Terminated,Production,Indeed,Fully Meets,4.52,3,0,2/20/2014,20,Baja
159,"Langton, Enrico",10052,1,3,46120,0,19,Production Technician I,MA,1986-12-09,M ,Married,2012-07-09,,N/A-StillEmployed,Active,Production,LinkedIn,Fully Meets,5.0,5,0,2/4/2019,13,Active
160,"LaRotonda, William  ",10038,1,3,64520,0,1,Accountant I,MA,1984-04-26,M ,Divorced,2014-01-06,,N/A-StillEmployed,Active,Admin Offices,Website,Fully Meets,5.0,4,4,1/17/2019,3,Active
161,"Latif, Mohammed",10249,1,3,61962,1,20,Production Technician II,MA,1984-05-09,M ,Married,2012-04-02,2013-04-15,more money,Voluntarily Terminated,Production,Google Search,Fully Meets,4.9,3,0,2/20/2013,20,Baja
162,"Le, Binh",10232,0,3,81584,0,22,Senior BI Developer,MA,1987-06-14,F,Single,2016-10-02,,N/A-StillEmployed,Active,IT/IS,Indeed,Fully Meets,4.1,5,7,1/8/2019,2,Active
163,"Leach, Dallas",10087,0,3,63676,1,19,Production Technician I,MA,1979-01-17,F,Single,2011-09-26,2018-08-19,return to school,Voluntarily Terminated,Production,CareerBuilder,Fully Meets,4.88,3,0,7/2/2017,17,Baja
164,"LeBlanc, Brandon  R",10134,1,3,93046,0,23,Shared Services Manager,MA,1984-06-10,M ,Married,2016-01-05,,N/A-StillEmployed,Active,Admin Offices,CareerBuilder,Fully Meets,4.1,4,0,1/28/2019,20,Active
165,"Lecter, Hannibal",10251,1,3,64738,0,19,Production Technician I,MA,1982-09-02,M ,Married,2012-05-14,,N/A-StillEmployed,Active,Production,Google Search,Fully Meets,4.1,3,0,2/22/2019,10,Active
166,"Leruth, Giovanni",10103,1,3,70468,0,3,Area Sales Manager,UT,1988-12-27,M ,Separated,2012-04-30,,N/A-StillEmployed,Active,Sales,Website,Fully Meets,4.53,3,0,1/29/2019,16,Active
167,"Liebig, Ketsia",10017,0,4,77915,0,18,Production Manager,MA,1981-10-26,F,Married,2013-09-30,,N/A-StillEmployed,Active,Production,Website,Exceeds,4.1,3,0,1/21/2019,11,Active
168,"Linares, Marilyn ",10186,0,3,52624,1,19,Production Technician I,MA,1981-03-26,F,Married,2011-07-05,2018-09-26,unhappy,Voluntarily Terminated,Production,Indeed,Fully Meets,3.18,4,0,3/2/2018,16,Baja
169,"Linden, Mathew",10137,1,3,63450,0,20,Production Technician II,MA,1979-03-19,M ,Married,2013-07-08,,N/A-StillEmployed,Active,Production,LinkedIn,Fully Meets,4.0,3,0,2/18/2019,7,Active
170,"Lindsay, Leonara ",10008,0,4,51777,0,14,IT Support,CT,1988-10-05,F,Single,2011-01-21,,N/A-StillEmployed,Active,IT/IS,Diversity Job Fair,Exceeds,4.64,4,5,1/25/2019,14,Active
171,"Lundy, Susan",10096,0,3,67237,1,20,Production Technician II,MA,1976-12-26,F,Widowed,2013-07-08,2016-09-15,more money,Voluntarily Terminated,Production,LinkedIn,Fully Meets,4.65,4,0,6/10/2016,15,Baja
172,"Lunquist, Lisa",10035,0,4,73330,0,20,Production Technician II,MA,1982-03-28,F,Single,2013-08-19,,N/A-StillEmployed,Active,Production,Indeed,Exceeds,4.2,4,0,2/12/2019,19,Active
173,"Lydon, Allison",10057,0,3,52057,0,19,Production Technician I,MA,1975-10-22,F,Married,2015-02-16,,N/A-StillEmployed,Active,Production,Website,Fully Meets,5.0,3,0,1/23/2019,6,Active
174,"Lynch, Lindsay",10004,0,4,47434,1,19,Production Technician I,MA,1973-02-14,F,Single,2011-11-07,2015-11-14,Another position,Voluntarily Terminated,Production,Diversity Job Fair,Exceeds,5.0,4,0,2/2/2015,17,Baja
175,"MacLennan, Samuel",10191,1,3,52788,1,19,Production Technician I,MA,1972-11-09,M ,Widowed,2012-09-24,2017-09-26,hours,Voluntarily Terminated,Production,Indeed,Fully Meets,3.08,4,0,4/1/2017,18,Baja
176,"Mahoney, Lauren  ",10219,0,3,45395,0,19,Production Technician I,MA,1986-07-07,F,Single,2014-01-06,,N/A-StillEmployed,Active,Production,LinkedIn,Fully Meets,4.6,4,0,2/26/2019,14,Active
177,"Manchester, Robyn",10077,0,3,62385,0,20,Production Technician II,MA,1976-08-25,F,Married,2016-05-11,,N/A-StillEmployed,Active,Production,LinkedIn,Fully Meets,5.0,3,0,1/21/2019,4,Active
178,"Mancuso, Karen",10073,0,3,68407,1,20,Production Technician II,MA,1986-12-10,F,Married,2011-07-05,2012-08-19,Another position,Voluntarily Terminated,Production,LinkedIn,Fully Meets,5.0,4,0,7/2/2012,16,Baja
179,"Mangal, Debbie",10279,0,3,61349,0,19,Production Technician I,MA,1974-11-07,F,Married,2013-11-11,,N/A-StillEmployed,Active,Production,LinkedIn,Fully Meets,4.1,3,0,1/22/2019,11,Active
180,"Martin, Sandra",10110,0,3,105688,0,24,Software Engineer,MA,1987-11-07,F,Single,2013-11-11,,N/A-StillEmployed,Active,Software Engineering,Google Search,Fully Meets,4.5,5,4,1/14/2019,14,Active
181,"Maurice, Shana",10053,0,3,54132,0,19,Production Technician I,MA,1977-11-22,F,Married,2011-05-31,,N/A-StillEmployed,Active,Production,Indeed,Fully Meets,5.0,4,0,1/10/2019,8,Active
182,"Carthy, B'rigit",10076,0,3,55315,0,20,Production Technician II,MA,1987-05-21,F,Single,2015-03-30,,N/A-StillEmployed,Active,Production,LinkedIn,Fully Meets,5.0,5,0,2/7/2019,16,Active
183,"Mckenna, Sandy",10145,0,3,62810,0,19,Production Technician I,MA,1987-01-07,F,Married,2013-01-07,,N/A-StillEmployed,Active,Production,CareerBuilder,Fully Meets,3.93,3,0,1/30/2019,20,Active
184,"McKinzie, Jac",10202,1,3,63291,0,3,Area Sales Manager,TX,1984-07-01,M ,Married,2016-07-06,,N/A-StillEmployed,Active,Sales,Website,Fully Meets,3.4,4,0,1/29/2019,7,Active
185,"Meads, Elizabeth",10128,0,3,62659,1,19,Production Technician I,MA,2068-05-30,F,Single,2012-04-02,2016-11-11,Another position,Voluntarily Terminated,Production,Diversity Job Fair,Fully Meets,4.18,4,0,2/5/2016,17,Baja
186,"Medeiros, Jennifer",10068,0,3,55688,0,19,Production Technician I,MA,1976-09-22,F,Single,2015-03-30,,N/A-StillEmployed,Active,Production,CareerBuilder,Fully Meets,5.0,4,0,1/21/2019,10,Active
187,"Miller, Brannon",10116,1,3,83667,0,18,Production Manager,MA,1981-08-10,M ,Single,2012-08-16,,N/A-StillEmployed,Active,Production,Indeed,Fully Meets,4.37,3,0,1/14/2019,2,Active
188,"Miller, Ned",10298,1,1,55800,1,20,Production Technician II,MA,1985-06-29,M ,Single,2011-08-15,2014-09-04,unhappy,Voluntarily Terminated,Production,LinkedIn,PIP,3.0,2,0,1/14/2013,6,Baja
189,"Monkfish, Erasumus",10213,1,3,58207,0,20,Production Technician II,MA,1992-08-17,M ,Married,2011-11-07,,N/A-StillEmployed,Active,Production,LinkedIn,Fully Meets,3.7,3,0,1/8/2019,14,Active
190,"Monroe, Peter",10288,1,2,157000,0,13,IT Manager - Infra,MA,1986-10-05,M ,Married,2012-02-15,,N/A-StillEmployed,Active,IT/IS,Diversity Job Fair,Needs Improvement,2.39,3,6,2/22/2019,13,Active
191,"Monterro, Luisa",10025,0,4,72460,0,20,Production Technician II,MA,2070-04-24,F,Single,2013-05-13,,N/A-StillEmployed,Active,Production,Indeed,Exceeds,4.7,3,0,1/14/2019,1,Active
192,"Moran, Patrick",10223,1,3,72106,0,20,Production Technician II,MA,1976-12-03,M ,Single,2012-01-09,,N/A-StillEmployed,Active,Production,Diversity Job Fair,Fully Meets,4.1,4,0,1/31/2019,12,Active
193,"Morway, Tanya",10151,0,3,52599,0,15,Network Engineer,MA,1979-04-04,F,Married,2015-02-16,,N/A-StillEmployed,Active,IT/IS,CareerBuilder,Fully Meets,3.81,3,6,2/11/2019,6,Active
194,"Motlagh,  Dawn",10254,0,3,63430,0,19,Production Technician I,MA,1984-07-07,F,Divorced,2013-04-01,,N/A-StillEmployed,Active,Production,LinkedIn,Fully Meets,4.4,4,0,1/17/2019,18,Active
195,"Moumanil, Maliki ",10120,1,3,74417,0,20,Production Technician II,MA,1974-12-01,M ,Separated,2013-05-13,,N/A-StillEmployed,Active,Production,LinkedIn,Fully Meets,4.29,5,0,1/28/2019,11,Active
196,"Myers, Michael",10216,1,3,57575,0,19,Production Technician I,MA,1980-04-18,M ,Single,2013-07-08,,N/A-StillEmployed,Active,Production,LinkedIn,Fully Meets,4.1,4,0,1/22/2019,13,Active
197,"Navathe, Kurt",10079,1,3,87921,0,22,Senior BI Developer,MA,2070-04-25,M ,Single,2017-02-10,,N/A-StillEmployed,Active,IT/IS,Indeed,Fully Meets,5.0,3,6,2/25/2019,17,Active
198,"Ndzi, Colombui",10215,1,3,50470,1,19,Production Technician I,MA,1989-05-02,M ,Single,2011-09-26,2014-04-04,return to school,Voluntarily Terminated,Production,Diversity Job Fair,Fully Meets,4.3,3,0,3/2/2013,19,Baja
199,"Ndzi, Horia",10185,1,3,46664,1,19,Production Technician I,MA,1983-03-28,M ,Married,2013-04-01,2016-05-25,more money,Voluntarily Terminated,Production,Employee Referral,Fully Meets,3.18,3,0,3/6/2016,10,Baja
200,"Newman, Richard ",10063,1,3,48495,0,19,Production Technician I,MA,1977-04-08,M ,Married,2014-05-12,,N/A-StillEmployed,Active,Production,LinkedIn,Fully Meets,5.0,5,0,2/18/2019,11,Active
201,"Ngodup, Shari ",10037,0,4,52984,0,19,Production Technician I,MA,2067-06-03,F,Separated,2013-04-01,,N/A-StillEmployed,Active,Production,Diversity Job Fair,Exceeds,4.0,3,0,2/13/2019,12,Active
202,"Nguyen, Dheepa",10042,0,3,63695,0,3,Area Sales Manager,GA,1989-03-31,F,Single,2013-07-08,,N/A-StillEmployed,Active,Sales,Indeed,Fully Meets,5.0,5,0,1/25/2019,2,Active
203,"Nguyen, Lei-Ming",10206,0,3,62061,0,19,Production Technician I,MA,1984-07-07,F,Single,2013-07-08,,N/A-StillEmployed,Active,Production,LinkedIn,Fully Meets,3.6,5,0,1/2/2019,4,Active
204,"Nowlan, Kristie",10104,0,3,66738,0,20,Production Technician II,MA,1985-11-23,F,Single,2014-11-10,,N/A-StillEmployed,Active,Production,Indeed,Fully Meets,4.53,5,0,1/16/2019,5,Active
205,"O'hare, Lynn",10303,0,1,52674,1,19,Production Technician I,MA,1980-09-30,F,Single,2014-03-31,2018-05-01,performance,Terminated for Cause,Production,LinkedIn,PIP,2.33,2,0,3/9/2018,3,Baja
206,"Oliver, Brooke ",10078,0,3,71966,1,20,Production Technician II,MA,2052-02-11,F,Married,2012-05-14,2013-08-19,unhappy,Voluntarily Terminated,Production,LinkedIn,Fully Meets,5.0,3,0,7/2/2013,17,Baja
207,"Onque, Jasmine",10121,0,3,63051,0,3,Area Sales Manager,FL,1990-05-11,F,Single,2013-09-30,,N/A-StillEmployed,Active,Sales,Indeed,Fully Meets,4.28,3,0,1/25/2019,1,Active
208,"Osturnka, Adeel",10021,1,4,47414,0,19,Production Technician I,MA,1976-12-11,M ,Married,2013-09-30,,N/A-StillEmployed,Active,Production,LinkedIn,Exceeds,5.0,3,0,2/7/2019,13,Active
209,"Owad, Clinton",10281,1,2,53060,0,19,Production Technician I,MA,1979-11-24,M ,Single,2014-02-17,,N/A-StillEmployed,Active,Production,LinkedIn,Needs Improvement,4.25,3,0,2/4/2019,6,Active
210,"Ozark, Travis",10041,1,3,68829,0,3,Area Sales Manager,NC,1982-05-19,M ,Single,2015-01-05,,N/A-StillEmployed,Active,Sales,Website,Fully Meets,5.0,5,0,1/14/2019,18,Active
211,"Panjwani, Nina",10148,0,3,63515,1,19,Production Technician I,MA,1979-05-01,F,Married,2011-02-07,2014-01-12,Another position,Voluntarily Terminated,Production,Google Search,Fully Meets,3.89,4,0,3/4/2013,7,Baja
212,"Patronick, Lucas",10005,1,4,108987,1,24,Software Engineer,MA,1979-02-20,M ,Single,2011-11-07,2015-09-07,Another position,Voluntarily Terminated,Software Engineering,Diversity Job Fair,Exceeds,5.0,5,3,8/16/2015,13,Baja
213,"Pearson, Randall",10259,1,3,93093,1,9,Data Analyst,MA,1984-09-05,M ,Married,2014-12-01,2016-05-01,performance,Voluntarily Terminated,IT/IS,Employee Referral,Fully Meets,4.7,4,5,1/16/2016,19,Baja
214,"Smith, Martin",10286,1,2,53564,1,19,Production Technician I,MA,1988-03-17,M ,Single,2011-01-10,2017-12-28,career change,Voluntarily Terminated,Production,Google Search,Needs Improvement,3.54,5,0,4/6/2017,15,Baja
215,"Pelletier, Ermine",10297,0,2,60270,1,20,Production Technician II,MA,1989-07-18,F,Married,2011-07-05,2015-09-15,unhappy,Voluntarily Terminated,Production,CareerBuilder,Needs Improvement,2.4,5,0,2/6/2015,2,Baja
216,"Perry, Shakira",10171,0,3,45998,1,19,Production Technician I,MA,1986-07-20,F,Single,2011-05-16,2015-10-25,medical issues,Voluntarily Terminated,Production,LinkedIn,Fully Meets,3.45,4,0,5/13/2014,5,Baja
217,"Peters, Lauren",10032,0,4,57954,1,20,Production Technician II,MA,1986-08-17,F,Married,2011-05-16,2013-02-04,more money,Voluntarily Terminated,Production,Indeed,Exceeds,4.2,5,0,1/10/2013,12,Baja
218,"Peterson, Ebonee  ",10130,0,3,74669,1,18,Production Manager,MA,1977-05-09,F,Married,2010-10-25,2016-05-18,Another position,Voluntarily Terminated,Production,Indeed,Fully Meets,4.16,5,0,3/5/2015,6,Baja
219,"Petingill, Shana  ",10217,0,3,74226,0,20,Production Technician II,MA,1979-03-10,F,Married,2012-04-02,,N/A-StillEmployed,Active,Production,LinkedIn,Fully Meets,4.3,3,0,1/14/2019,14,Active
220,"Petrowsky, Thelma",10016,0,4,93554,0,9,Data Analyst,MA,1984-09-16,F,Married,2014-11-10,,N/A-StillEmployed,Active,IT/IS,Employee Referral,Exceeds,4.6,5,7,1/4/2019,16,Active
221,"Pham, Hong",10050,1,3,64724,1,19,Production Technician I,MA,1988-03-06,M ,Married,2011-07-05,2012-11-30,more money,Voluntarily Terminated,Production,Google Search,Fully Meets,5.0,3,0,2/20/2012,13,Baja
222,"Pitt, Brad ",10164,1,3,47001,0,19,Production Technician I,MA,1981-11-23,M ,Single,2007-11-05,,N/A-StillEmployed,Active,Production,Google Search,Fully Meets,3.66,3,0,2/25/2019,15,Active
223,"Potts, Xana",10124,0,3,61844,0,3,Area Sales Manager,KY,1988-08-29,F,Married,2012-01-09,,N/A-StillEmployed,Active,Sales,Website,Fully Meets,4.2,5,0,2/1/2019,9,Active
224,"Power, Morissa",10187,0,3,46799,1,19,Production Technician I,MA,1984-10-15,F,Divorced,2011-05-16,2018-06-04,Another position,Voluntarily Terminated,Production,Google Search,Fully Meets,3.17,4,0,4/2/2018,14,Baja
225,"Punjabhi, Louis  ",10225,1,3,59472,0,19,Production Technician I,MA,2061-06-19,M ,Single,2014-01-06,,N/A-StillEmployed,Active,Production,Employee Referral,Fully Meets,4.8,3,0,1/7/2019,14,Active
226,"Purinton, Janine",10262,0,3,46430,1,19,Production Technician I,MA,2070-09-22,F,Divorced,2012-09-24,2013-06-18,unhappy,Voluntarily Terminated,Production,Indeed,Fully Meets,4.5,5,0,4/2/2013,16,Baja
227,"Quinn, Sean",10131,1,3,83363,1,23,Software Engineer,MA,1984-11-06,M ,Married,2011-02-21,2015-08-15,career change,Voluntarily Terminated,Software Engineering,Diversity Job Fair,Fully Meets,4.15,4,0,4/19/2014,4,Baja
228,"Rachael, Maggie",10239,0,3,95920,0,4,BI Developer,MA,1980-05-12,F,Married,2016-10-02,,N/A-StillEmployed,Active,IT/IS,Indeed,Fully Meets,4.4,4,6,2/6/2019,10,Active
229,"Rarrick, Quinn",10152,1,3,61729,1,19,Production Technician I,MA,1984-12-31,M ,Divorced,2011-09-26,2018-04-07,more money,Voluntarily Terminated,Production,Indeed,Fully Meets,3.8,5,0,2/4/2018,19,Baja
230,"Ren, Kylo",10140,1,3,61809,0,3,Area Sales Manager,ID,2054-10-12,M ,Married,2014-05-12,,N/A-StillEmployed,Active,Sales,CareerBuilder,Fully Meets,3.98,3,0,1/28/2019,4,Active
231,"Rhoads, Thomas",10058,1,3,45115,1,19,Production Technician I,MA,1982-07-22,M ,Divorced,2011-05-16,2016-01-15,retiring,Voluntarily Terminated,Production,LinkedIn,Fully Meets,5.0,4,0,3/30/2015,11,Baja
232,"Rivera, Haley  ",10011,0,4,46738,0,19,Production Technician I,MA,1973-01-12,F,Married,2011-11-28,,N/A-StillEmployed,Active,Production,Google Search,Exceeds,4.36,5,0,2/11/2019,16,Active
233,"Roberson, May",10230,0,3,64971,1,20,Production Technician II,MA,1981-09-05,F,Divorced,2011-09-26,2011-10-22,return to school,Voluntarily Terminated,Production,Google Search,Fully Meets,4.5,4,0,10/22/2011,10,Baja
234,"Robertson, Peter",10224,1,3,55578,1,20,Production Technician II,MA,1972-07-03,M ,Married,2011-07-05,2012-02-08,Another position,Voluntarily Terminated,Production,Indeed,Fully Meets,4.2,5,0,1/6/2012,13,Baja
235,"Robinson, Alain  ",10047,1,3,50428,1,19,Production Technician I,MA,1974-01-07,M ,Married,2011-01-10,2016-01-26,attendance,Voluntarily Terminated,Production,Indeed,Fully Meets,5.0,3,0,1/10/2015,11,Baja
236,"Robinson, Cherly",10285,0,2,61422,1,19,Production Technician I,MA,1985-01-07,F,Married,2011-01-10,2016-05-17,attendance,Terminated for Cause,Production,Indeed,Needs Improvement,3.6,3,0,4/5/2016,16,Baja
237,"Robinson, Elias",10020,1,4,63353,0,19,Production Technician I,MA,1985-01-28,M ,Widowed,2013-07-08,,N/A-StillEmployed,Active,Production,Employee Referral,Exceeds,3.6,5,0,2/11/2019,4,Active
238,"Roby, Lori ",10162,0,3,89883,0,9,Data Analyst,MA,1981-10-11,F,Married,2015-02-16,,N/A-StillEmployed,Active,IT/IS,Employee Referral,Fully Meets,3.69,5,6,2/14/2019,15,Active
239,"Roehrich, Bianca",10149,0,3,120000,1,29,Principal Data Architect,MA,1973-05-27,F,Single,2015-01-05,2018-11-10,Another position,Voluntarily Terminated,IT/IS,LinkedIn,Fully Meets,3.88,3,7,2/13/2018,12,Baja
240,"Roper, Katie",10086,0,3,150290,0,7,Data Architect,MA,1972-11-21,F,Single,2017-01-07,,N/A-StillEmployed,Active,IT/IS,Indeed,Fully Meets,4.94,3,5,2/6/2019,17,Active
241,"Rose, Ashley  ",10054,0,3,60627,0,19,Production Technician I,MA,1974-12-05,F,Separated,2014-01-06,,N/A-StillEmployed,Active,Production,Website,Fully Meets,5.0,4,0,1/31/2019,8,Active
242,"Rossetti, Bruno",10065,1,3,53180,1,19,Production Technician I,MA,1987-03-18,M ,Single,2011-04-04,2018-08-13,Another position,Voluntarily Terminated,Production,Google Search,Fully Meets,5.0,5,0,7/2/2018,4,Baja
243,"Roup,Simon",10198,1,3,140920,0,13,IT Manager - DB,MA,1973-04-05,M ,Single,2013-01-20,,N/A-StillEmployed,Active,IT/IS,Indeed,Fully Meets,3.6,5,7,2/18/2019,13,Active
244,"Ruiz, Ricardo",10222,1,3,148999,1,13,IT Manager - DB,MA,2064-01-04,M ,Divorced,2012-01-09,2015-11-04,hours,Voluntarily Terminated,IT/IS,Diversity Job Fair,Fully Meets,4.3,4,6,1/4/2015,8,Baja
245,"Saada, Adell",10126,0,3,86214,0,24,Software Engineer,MA,1986-07-24,F,Married,2012-11-05,,N/A-StillEmployed,Active,Software Engineering,Indeed,Fully Meets,4.2,3,6,2/13/2019,2,Active
246,"Saar-Beckles, Melinda",10295,0,2,47750,0,19,Production Technician I,MA,2068-06-06,F,Single,2016-07-04,,N/A-StillEmployed,Active,Production,Diversity Job Fair,Needs Improvement,2.6,4,0,2/18/2019,4,Active
247,"Sadki, Nore  ",10260,1,3,46428,1,19,Production Technician I,MA,1974-12-21,M ,Single,2009-01-05,2018-07-30,relocation out of area,Voluntarily Terminated,Production,Google Search,Fully Meets,4.6,5,0,2/5/2018,7,Baja
248,"Sahoo, Adil",10233,1,3,57975,0,20,Production Technician II,MA,1986-04-26,M ,Married,2010-08-30,,N/A-StillEmployed,Active,Production,CareerBuilder,Fully Meets,4.1,3,0,1/10/2019,13,Active
249,"Salter, Jason",10229,1,3,88527,1,9,Data Analyst ,MA,1987-12-17,M ,Divorced,2015-01-05,2015-10-31,hours,Voluntarily Terminated,IT/IS,LinkedIn,Fully Meets,4.2,3,5,4/20/2015,2,Baja
250,"Sander, Kamrin",10169,0,3,56147,0,19,Production Technician I,MA,1988-07-10,F,Married,2014-09-29,,N/A-StillEmployed,Active,Production,LinkedIn,Fully Meets,3.51,3,0,2/18/2019,2,Active
251,"Sewkumar, Nori",10071,0,3,50923,0,19,Production Technician I,MA,1975-03-10,F,Single,2013-09-30,,N/A-StillEmployed,Active,Production,Google Search,Fully Meets,5.0,5,0,2/6/2019,14,Active
252,"Shepard, Anita ",10179,0,3,50750,0,15,Network Engineer,MA,1981-04-14,F,Married,2014-09-30,,N/A-StillEmployed,Active,IT/IS,LinkedIn,Fully Meets,3.31,3,6,1/7/2019,7,Active
253,"Shields, Seffi",10091,0,3,52087,0,19,Production Technician I,MA,1985-08-24,F,Married,2013-08-19,,N/A-StillEmployed,Active,Production,LinkedIn,Fully Meets,4.81,4,0,2/15/2019,15,Active
254,"Simard, Kramer",10178,1,3,87826,0,9,Data Analyst,MA,2070-02-08,M ,Married,2015-01-05,,N/A-StillEmployed,Active,IT/IS,Employee Referral,Fully Meets,3.32,3,7,1/14/2019,16,Active
255,"Singh, Nan ",10039,0,3,51920,0,2,Administrative Assistant,MA,1988-05-19,F,Single,2015-05-01,,N/A-StillEmployed,Active,Admin Offices,Website,Fully Meets,5.0,3,5,1/15/2019,2,Active
256,"Sloan, Constance",10095,0,3,63878,1,20,Production Technician II,MA,1987-11-25,F,Single,2009-10-26,2015-04-08,maternity leave - did not return,Voluntarily Terminated,Production,CareerBuilder,Fully Meets,4.68,4,0,4/2/2015,20,Baja
257,"Smith, Joe",10027,1,4,60656,0,20,Production Technician II,MA,2063-10-30,M ,Single,2014-09-29,,N/A-StillEmployed,Active,Production,Indeed,Exceeds,4.3,3,0,1/28/2019,4,Active
258,"Smith, John",10291,1,2,72992,0,21,Sales Manager,MA,1984-08-16,M ,Divorced,2014-05-18,,N/A-StillEmployed,Active,Sales,Diversity Job Fair,Needs Improvement,2.4,4,0,1/16/2019,16,Active
259,"Smith, Leigh Ann",10153,0,3,55000,1,2,Administrative Assistant,MA,1987-06-14,F,Married,2011-09-26,2013-09-25,career change,Voluntarily Terminated,Admin Offices,Diversity Job Fair,Fully Meets,3.8,4,4,8/15/2013,17,Baja
260,"Smith, Sade",10157,0,3,58939,0,19,Production Technician I,MA,2065-02-02,F,Single,2013-11-11,,N/A-StillEmployed,Active,Production,Employee Referral,Fully Meets,3.73,3,0,1/24/2019,16,Active
261,"Soto, Julia ",10119,0,3,66593,0,14,IT Support,MA,1973-03-12,F,Married,2011-06-10,,N/A-StillEmployed,Active,IT/IS,LinkedIn,Fully Meets,4.3,3,5,2/8/2019,19,Active
262,"Soze, Keyser",10180,1,3,87565,0,28,Sr. Network Engineer,MA,1983-02-09,M ,Married,2016-06-30,,N/A-StillEmployed,Active,IT/IS,LinkedIn,Fully Meets,3.27,4,5,1/14/2019,13,Active
263,"Sparks, Taylor  ",10302,0,1,64021,0,19,Production Technician I,MA,2068-07-20,F,Married,2012-02-20,,N/A-StillEmployed,Active,Production,Indeed,PIP,2.4,2,1,2/25/2019,20,Active
264,"Spirea, Kelley",10090,0,3,65714,0,18,Production Manager,MA,1975-09-30,F,Married,2012-10-02,,N/A-StillEmployed,Active,Production,LinkedIn,Fully Meets,4.83,5,0,2/14/2019,15,Active
265,"Squatrito, Kristen",10030,0,4,62425,1,19,Production Technician I,MA,1973-03-26,F,Divorced,2013-05-13,2015-06-29,unhappy,Voluntarily Terminated,Production,LinkedIn,Exceeds,4.1,4,0,3/2/2015,16,Baja
266,"Stanford,Barbara  M",10278,0,3,47961,0,19,Production Technician I,MA,1982-08-25,F,Divorced,2011-01-10,,N/A-StillEmployed,Active,Production,Google Search,Fully Meets,4.1,4,0,2/7/2019,9,Active
267,"Stansfield, Norman",10307,1,1,58273,0,3,Area Sales Manager,NV,1974-05-09,M ,Married,2014-05-12,,N/A-StillEmployed,Active,Sales,Website,PIP,1.81,2,0,1/17/2019,5,Active
268,"Steans, Tyrone  ",10147,1,3,63003,0,1,Accountant I,MA,1986-09-01,M ,Single,2014-09-29,,N/A-StillEmployed,Active,Admin Offices,Indeed,Fully Meets,3.9,5,5,1/18/2019,9,Active
269,"Stoica, Rick",10266,1,3,61355,0,19,Production Technician I,MA,1985-03-14,M ,Married,2014-02-17,,N/A-StillEmployed,Active,Production,LinkedIn,Fully Meets,4.7,3,0,1/11/2019,4,Active
270,"Strong, Caitrin",10241,0,3,60120,0,3,Area Sales Manager,MT,1989-05-12,F,Married,2010-09-27,,N/A-StillEmployed,Active,Sales,Indeed,Fully Meets,4.1,4,0,1/31/2019,18,Active
271,"Sullivan, Kissy ",10158,0,3,63682,0,18,Production Manager,MA,1978-03-28,F,Married,2009-01-08,,N/A-StillEmployed,Active,Production,Indeed,Fully Meets,3.73,4,0,1/24/2019,12,Active
272,"Sullivan, Timothy",10117,1,3,63025,0,19,Production Technician I,MA,1982-10-07,M ,Married,2015-01-05,,N/A-StillEmployed,Active,Production,Google Search,Fully Meets,4.36,5,0,1/24/2019,10,Active
273,"Sutwell, Barbara",10209,0,3,59238,0,19,Production Technician I,MA,2068-08-15,F,Single,2012-05-14,,N/A-StillEmployed,Active,Production,Indeed,Fully Meets,3.4,5,0,1/31/2019,13,Active
274,"Szabo, Andrew",10024,1,4,92989,0,24,Software Engineer,MA,1983-05-06,M ,Single,2014-07-07,,N/A-StillEmployed,Active,Software Engineering,LinkedIn,Exceeds,4.5,5,5,2/18/2019,1,Active
275,"Tannen, Biff",10173,1,3,90100,0,4,BI Developer,MA,1987-10-24,M ,Married,2017-04-20,,N/A-StillEmployed,Active,IT/IS,Indeed,Fully Meets,3.4,3,6,1/2/2019,14,Active
276,"Tavares, Desiree  ",10221,0,3,60754,1,19,Production Technician I,MA,1975-04-03,F,Married,2009-04-27,2013-04-01,Another position,Voluntarily Terminated,Production,Diversity Job Fair,Fully Meets,4.5,5,0,2/15/2012,11,Baja
277,"Tejeda, Lenora ",10146,0,3,72202,1,20,Production Technician II,MA,2053-05-24,F,Married,2011-05-16,2017-07-08,Another position,Voluntarily Terminated,Production,Google Search,Fully Meets,3.93,3,0,4/18/2017,3,Baja
278,"Terry, Sharlene ",10161,0,3,58370,0,3,Area Sales Manager,OR,2065-05-07,F,Single,2014-09-29,,N/A-StillEmployed,Active,Sales,Indeed,Fully Meets,3.69,3,0,1/28/2019,18,Active
279,"Theamstern, Sophia",10141,0,3,48413,1,19,Production Technician I,MA,2065-05-09,F,Single,2011-07-05,2016-09-05,return to school,Voluntarily Terminated,Production,Indeed,Fully Meets,3.98,4,0,3/2/2016,1,Baja
280,"Thibaud, Kenneth",10268,1,3,67176,1,20,Production Technician II,MA,1975-09-16,M ,Widowed,2007-06-25,2010-08-30,military,Voluntarily Terminated,Production,Other,Fully Meets,4.1,4,0,7/14/2010,15,Baja
281,"Tippett, Jeanette",10123,0,3,56339,0,19,Production Technician I,MA,2067-06-05,F,Divorced,2013-02-18,,N/A-StillEmployed,Active,Production,Indeed,Fully Meets,4.21,5,0,1/14/2019,4,Active
282,"Torrence, Jack",10013,1,4,64397,0,3,Area Sales Manager,ND,2068-01-15,M ,Separated,2006-01-09,,N/A-StillEmployed,Active,Sales,Indeed,Exceeds,4.1,3,0,1/4/2019,6,Active
283,"Trang, Mei",10287,0,2,63025,0,19,Production Technician I,MA,1983-05-16,F,Single,2014-02-17,,N/A-StillEmployed,Active,Production,LinkedIn,Needs Improvement,2.44,5,0,2/11/2019,18,Active
284,"Tredinnick, Neville ",10044,1,3,75281,1,15,Network Engineer,MA,1988-05-05,M ,Married,2015-01-05,2016-02-12,medical issues,Voluntarily Terminated,IT/IS,CareerBuilder,Fully Meets,5.0,3,5,4/15/2015,11,Baja
285,"True, Edward",10102,1,3,100416,1,24,Software Engineer,MA,1983-06-14,M ,Single,2013-02-18,2018-04-15,medical issues,Voluntarily Terminated,Software Engineering,Diversity Job Fair,Fully Meets,4.6,3,4,2/12/2017,9,Baja
286,"Trzeciak, Cybil",10270,0,3,74813,1,20,Production Technician II,MA,1985-03-15,F,Single,2011-01-10,2014-07-02,unhappy,Voluntarily Terminated,Production,LinkedIn,Fully Meets,4.4,3,0,1/5/2014,5,Baja
287,"Turpin, Jumil",10045,1,3,76029,0,15,Network Engineer,MA,2069-03-31,M ,Married,2015-03-30,,N/A-StillEmployed,Active,IT/IS,Employee Referral,Fully Meets,5.0,4,7,1/14/2019,8,Active
288,"Valentin,Jackie",10205,0,3,57859,0,3,Area Sales Manager,AZ,1991-05-23,F,Married,2011-07-05,,N/A-StillEmployed,Active,Sales,Indeed,Fully Meets,2.81,3,0,1/17/2019,16,Active
289,"Veera, Abdellah ",10014,1,4,58523,1,19,Production Technician I,MA,1987-01-31,M ,Divorced,2012-08-13,2016-02-05,maternity leave - did not return,Voluntarily Terminated,Production,LinkedIn,Exceeds,4.5,5,0,2/1/2016,15,Baja
290,"Vega, Vincent",10144,1,3,88976,0,17,Production Manager,MA,2068-10-10,M ,Divorced,2011-08-01,,N/A-StillEmployed,Active,Production,Employee Referral,Fully Meets,3.93,3,0,2/27/2019,19,Active
291,"Villanueva, Noah",10253,1,3,55875,0,3,Area Sales Manager,ME,1989-07-11,M ,Single,2012-03-05,,N/A-StillEmployed,Active,Sales,Website,Fully Meets,4.5,4,0,1/18/2019,11,Active
292,"Voldemort, Lord",10118,1,3,113999,1,8,Database Administrator,MA,1986-08-07,M ,Married,2015-02-16,2017-02-22,"no-call, no-show",Terminated for Cause,IT/IS,Employee Referral,Fully Meets,4.33,3,7,2/15/2017,9,Baja
293,"Volk, Colleen",10022,0,4,49773,1,19,Production Technician I,MA,1986-06-03,F,Married,2011-09-26,2016-02-08,gross misconduct,Terminated for Cause,Production,Google Search,Exceeds,4.3,5,0,2/1/2015,18,Baja
294,"Von Massenbach, Anna",10183,0,3,62068,0,19,Production Technician I,MA,1985-04-06,F,Single,2015-07-05,,N/A-StillEmployed,Active,Production,LinkedIn,Fully Meets,3.21,3,0,1/29/2019,7,Active
295,"Walker, Roger",10190,1,3,66541,0,20,Production Technician II,MA,1976-02-10,M ,Single,2014-08-18,,N/A-StillEmployed,Active,Production,Employee Referral,Fully Meets,3.11,5,0,2/12/2019,4,Active
296,"Wallace, Courtney  E",10274,0,3,80512,1,18,Production Manager,MA,2055-11-14,F,Married,2011-09-26,2012-01-02,Another position,Voluntarily Terminated,Production,Diversity Job Fair,Fully Meets,4.5,3,0,1/2/2012,5,Baja
297,"Wallace, Theresa",10293,0,2,50274,1,19,Production Technician I,MA,1980-08-02,F,Single,2012-08-13,2015-09-01,career change,Voluntarily Terminated,Production,CareerBuilder,Needs Improvement,2.5,3,0,9/5/2014,13,Baja
298,"Wang, Charlie",10172,1,3,84903,0,22,Senior BI Developer,MA,1981-07-08,M ,Single,2017-02-15,,N/A-StillEmployed,Active,IT/IS,Indeed,Fully Meets,3.42,4,7,1/4/2019,17,Active
299,"Warfield, Sarah",10127,0,3,107226,0,28,Sr. Network Engineer,MA,1978-05-02,F,Widowed,2015-03-30,,N/A-StillEmployed,Active,IT/IS,Employee Referral,Fully Meets,4.2,4,8,2/5/2019,7,Active
300,"Whittier, Scott",10072,1,3,58371,1,19,Production Technician I,MA,1987-05-24,M ,Single,2011-01-10,2014-05-15,hours,Voluntarily Terminated,Production,LinkedIn,Fully Meets,5.0,5,0,5/15/2014,11,Baja
301,"Wilber, Barry",10048,1,3,55140,1,19,Production Technician I,MA,2065-09-09,M ,Married,2011-05-16,2015-09-07,unhappy,Voluntarily Terminated,Production,Website,Fully Meets,5.0,3,0,2/15/2015,7,Baja
302,"Wilkes, Annie",10204,0,3,58062,1,19,Production Technician I,MA,1983-07-30,F,Divorced,2011-01-10,2012-05-14,Another position,Voluntarily Terminated,Production,Google Search,Fully Meets,3.6,5,0,2/6/2011,9,Baja
303,"Williams, Jacquelyn  ",10264,0,3,59728,1,19,Production Technician I,MA,2069-10-02,F,Single,2012-01-09,2015-06-27,relocation out of area,Voluntarily Terminated,Production,Diversity Job Fair,Fully Meets,4.3,4,0,6/2/2014,16,Baja
304,"Winthrop, Jordan  ",10033,1,4,70507,1,20,Production Technician II,MA,2058-11-07,M ,Single,2013-01-07,2016-02-21,retiring,Voluntarily Terminated,Production,LinkedIn,Exceeds,5.0,3,0,1/19/2016,7,Baja
305,"Wolk, Hang  T",10174,0,3,60446,0,20,Production Technician II,MA,1985-04-20,F,Single,2014-09-29,,N/A-StillEmployed,Active,Production,LinkedIn,Fully Meets,3.4,4,0,2/21/2019,14,Active
306,"Woodson, Jason",10135,1,3,65893,0,20,Production Technician II,MA,1985-05-11,M ,Single,2014-07-07,,N/A-StillEmployed,Active,Production,LinkedIn,Fully Meets,4.07,4,0,2/28/2019,13,Active
307,"Ybarra, Catherine ",10301,0,1,48513,1,19,Production Technician I,MA,1982-05-04,F,Single,2008-09-02,2015-09-29,Another position,Voluntarily Terminated,Production,Google Search,PIP,3.2,2,0,9/2/2015,4,Baja
308,"Zamora, Jennifer",10010,0,4,220450,0,6,CIO,MA,1979-08-30,F,Single,2010-04-10,,N/A-StillEmployed,Active,IT/IS,Employee Referral,Exceeds,4.6,5,6,2/21/2019,16,Active
309,"Zhou, Julia",10043,0,3,89292,0,9,Data Analyst,MA,1979-02-24,F,Single,2015-03-30,,N/A-StillEmployed,Active,IT/IS,Employee Referral,Fully Meets,5.0,3,5,2/1/2019,11,Active
310,"Zima, Colleen",10271,0,3,45046,0,19,Production Technician I,MA,1978-08-17,F,Widowed,2014-09-29,,N/A-StillEmployed,Active,Production,LinkedIn,Fully Meets,4.5,5,0,1/30/2019,2,Active
